,id,source,destination,data_rates,TR
0,0,0,10,63,74.89399999999999
1,1,3,1,86,74.366
2,2,8,9,64,74.86399999999999
3,3,12,1,57,75.093
4,4,13,16,77,74.539
5,5,15,14,65,74.835
6,6,17,5,53,75.247
7,7,20,12,48,75.471
8,8,21,3,49,75.423
9,9,23,22,60,74.98899999999999
