,id,source,destination,data_rates,TR
0,0,0,10,56,75.13
1,1,3,1,91,74.283
2,2,3,4,45,75.626
3,3,3,19,55,75.168
4,4,5,0,87,74.34899999999999
5,5,7,14,40,75.92699999999999
6,6,8,9,58,75.057
7,7,12,1,75,74.582
8,8,13,16,64,74.86399999999999
9,9,15,14,89,74.315
10,10,17,5,91,74.283
11,11,20,12,69,74.726
12,12,21,3,59,75.023
13,13,23,8,59,75.023
14,14,23,22,54,75.207
