,id,source,destination,data_rates,TR
0,0,0,10,54,75.207
1,1,3,1,79,74.497
2,2,3,4,72,74.652
3,3,3,19,41,75.862
4,4,4,8,49,75.423
5,5,5,0,97,74.194
6,6,6,10,72,74.652
7,7,7,14,71,74.676
8,8,7,17,50,75.377
9,9,8,9,92,74.268
10,10,12,1,63,74.89399999999999
11,11,13,16,75,74.582
12,12,15,14,51,75.332
13,13,17,5,90,74.29899999999999
14,14,18,17,95,74.223
15,15,19,11,68,74.752
16,16,20,12,74,74.605
17,17,21,3,40,75.92699999999999
18,18,23,8,40,75.92699999999999
19,19,23,22,76,74.56
