id,source,destination,data_rates,TR
0,0,10,64,74.86399999999999
1,3,1,64,74.86399999999999
2,8,9,52,75.289
3,12,1,98,74.181
4,15,14,41,75.862
