id,source,destination,data_rates,TR
0,1,7,58,75.057
1,2,0,66,74.807
2,3,11,84,74.40100000000001
3,4,3,93,74.252
4,4,11,43,75.73899999999999
5,7,14,67,74.779
6,7,15,72,74.652
7,10,6,46,75.57300000000001
8,15,21,50,75.377
9,16,14,69,74.726
10,17,7,87,74.34899999999999
11,18,3,68,74.752
12,19,5,58,75.057
13,19,10,95,74.223
14,21,7,40,75.92699999999999
