id,source,destination,data_rates,TR
0,2,11,42,75.79899999999999
1,2,16,77,74.539
2,2,22,90,74.29899999999999
3,3,18,63,74.89399999999999
4,4,21,80,74.477
5,6,17,64,74.86399999999999
6,11,1,70,74.70100000000001
7,14,20,63,74.89399999999999
8,17,12,89,74.315
9,17,16,45,75.626
10,19,20,52,75.289
11,20,17,65,74.835
12,22,14,93,74.252
13,23,16,58,75.057
14,23,22,55,75.168
