id,source,destination,data_rates,TR
0,0,13,86,74.366
1,1,3,41,75.862
2,3,12,79,74.497
3,5,9,56,75.13
4,6,10,42,75.79899999999999
5,6,23,81,74.458
6,9,1,76,74.56
7,13,5,70,74.70100000000001
8,16,12,55,75.168
9,17,5,79,74.497
10,17,22,46,75.57300000000001
11,19,6,92,74.268
12,19,10,88,74.332
13,20,16,86,74.366
14,22,16,79,74.497
