id,source,destination,data_rates,TR
0,1,7,50,75.377
1,2,0,69,74.726
2,2,22,87,74.34899999999999
3,3,11,68,74.752
4,4,3,58,75.057
5,4,11,95,74.223
6,7,14,40,75.92699999999999
7,7,15,63,74.89399999999999
8,9,3,54,75.207
9,9,18,96,74.209
10,10,6,61,74.957
11,13,1,73,74.628
12,15,21,88,74.332
13,16,14,96,74.209
14,17,7,48,75.471
15,18,3,63,74.89399999999999
16,19,5,99,74.167
17,19,10,69,74.726
18,19,17,69,74.726
19,21,7,46,75.57300000000001
