,id,source,destination,data_rates,TR
0,0,0,1,61,74.957
1,1,0,2,67,74.779
2,2,0,2,84,74.40100000000001
3,3,0,4,43,75.73899999999999
4,4,0,5,78,74.518
5,5,1,0,60,74.98899999999999
6,6,1,3,47,75.521
7,7,1,3,59,75.023
8,8,1,4,71,74.676
9,9,1,5,40,75.92699999999999
10,10,2,4,45,75.626
11,11,3,5,67,74.779
12,12,4,0,83,74.42
13,13,4,1,70,74.70100000000001
14,14,4,2,49,75.423
15,15,4,5,59,75.023
16,16,5,1,47,75.521
17,17,5,3,61,74.957
18,18,5,3,77,74.539
19,19,5,4,68,74.752
