,id,source,destination,data_rates,TR
0,0,0,1,59,75.023
1,1,0,1,86,74.366
2,2,0,2,82,74.438
3,3,0,3,91,74.283
4,4,0,5,96,74.209
5,5,1,2,80,74.477
6,6,1,4,53,75.247
7,7,1,5,70,74.70100000000001
8,8,2,0,64,74.86399999999999
9,9,2,1,42,75.79899999999999
10,10,2,1,43,75.73899999999999
11,11,2,5,70,74.70100000000001
12,12,3,1,74,74.605
13,13,3,2,83,74.42
14,14,3,4,53,75.247
15,15,3,5,88,74.332
16,16,4,2,80,74.477
17,17,4,2,48,75.471
18,18,5,1,59,75.023
19,19,5,2,71,74.676
