,id,source,destination,data_rates,TR
0,0,0,2,68,74.752
1,1,0,4,73,74.628
2,2,0,5,70,74.70100000000001
3,3,1,0,54,75.207
4,4,1,4,62,74.925
5,5,2,0,96,74.209
6,6,2,5,92,74.268
7,7,2,5,46,75.57300000000001
8,8,3,0,94,74.238
9,9,3,5,66,74.807
10,10,4,1,67,74.779
11,11,4,2,55,75.168
12,12,4,2,55,75.168
13,13,4,3,80,74.477
14,14,4,3,56,75.13
15,15,4,3,55,75.168
16,16,4,5,44,75.682
17,17,4,5,50,75.377
18,18,5,4,58,75.057
19,19,5,4,67,74.779
