,id,source,destination,data_rates,TR
0,0,0,3,73,74.628
1,1,0,4,83,74.42
2,2,1,2,43,75.73899999999999
3,3,1,4,52,75.289
4,4,1,5,76,74.56
5,5,2,0,98,74.181
6,6,2,0,41,75.862
7,7,2,1,89,74.315
8,8,2,3,40,75.92699999999999
9,9,2,4,79,74.497
10,10,3,0,64,74.86399999999999
11,11,3,0,98,74.181
12,12,3,1,76,74.56
13,13,3,2,75,74.582
14,14,3,4,45,75.626
15,15,3,5,46,75.57300000000001
16,16,4,0,43,75.73899999999999
17,17,5,2,74,74.605
18,18,5,2,97,74.194
19,19,5,3,80,74.477
