,id,source,destination,data_rates,TR
0,0,0,4,89,74.315
1,1,1,3,78,74.518
2,2,1,4,89,74.315
3,3,2,3,78,74.518
4,4,2,5,53,75.247
5,5,3,1,55,75.168
6,6,3,1,51,75.332
7,7,3,2,74,74.605
8,8,3,5,59,75.023
9,9,4,0,42,75.79899999999999
10,10,4,0,80,74.477
11,11,4,0,71,74.676
12,12,4,0,63,74.89399999999999
13,13,4,1,81,74.458
14,14,4,2,77,74.539
15,15,4,5,73,74.628
16,16,4,5,50,75.377
17,17,5,0,91,74.283
18,18,5,1,78,74.518
19,19,5,4,52,75.289
