,id,source,destination,data_rates,TR
0,0,0,1,80,74.477
1,1,0,2,92,74.268
2,2,0,2,76,74.56
3,3,0,3,88,74.332
4,4,0,3,65,74.835
5,5,0,4,43,75.73899999999999
6,6,0,5,79,74.497
7,7,1,0,75,74.582
8,8,1,0,90,74.29899999999999
9,9,1,4,70,74.70100000000001
10,10,1,4,69,74.726
11,11,2,1,89,74.315
12,12,3,1,73,74.628
13,13,3,1,58,75.057
14,14,3,2,57,75.093
15,15,4,1,69,74.726
16,16,4,5,60,74.98899999999999
17,17,4,5,42,75.79899999999999
18,18,5,2,45,75.626
19,19,5,4,77,74.539
