,id,source,destination,data_rates,TR
0,0,0,1,69,74.726
1,1,0,4,87,74.34899999999999
2,2,0,5,52,75.289
3,3,0,5,51,75.332
4,4,0,5,90,74.29899999999999
5,5,1,0,74,74.605
6,6,1,0,63,74.89399999999999
7,7,1,2,50,75.377
8,8,1,2,47,75.521
9,9,1,3,96,74.209
10,10,2,4,77,74.539
11,11,2,5,78,74.518
12,12,3,2,71,74.676
13,13,4,0,48,75.471
14,14,4,1,86,74.366
15,15,4,2,70,74.70100000000001
16,16,5,0,76,74.56
17,17,5,3,48,75.471
18,18,5,4,42,75.79899999999999
19,19,5,4,72,74.652
