,id,source,destination,data_rates,TR
0,0,0,3,81,74.458
1,1,1,2,69,74.726
2,2,1,3,86,74.366
3,3,1,3,61,74.957
4,4,1,3,49,75.423
5,5,2,1,65,74.835
6,6,2,1,90,74.29899999999999
7,7,2,3,72,74.652
8,8,2,3,67,74.779
9,9,3,0,49,75.423
10,10,3,2,68,74.752
11,11,3,2,83,74.42
12,12,3,4,57,75.093
13,13,3,5,81,74.458
14,14,4,1,98,74.181
15,15,4,1,40,75.92699999999999
16,16,4,2,62,74.925
17,17,5,2,56,75.13
18,18,5,3,82,74.438
19,19,5,4,76,74.56
