,id,source,destination,data_rates,TR
0,0,0,1,97,74.194
1,1,0,2,50,75.377
2,2,0,3,68,74.752
3,3,0,3,72,74.652
4,4,0,4,42,75.79899999999999
5,5,1,2,40,75.92699999999999
6,6,1,3,83,74.42
7,7,2,3,49,75.423
8,8,3,0,97,74.194
9,9,3,1,98,74.181
10,10,3,2,75,74.582
11,11,4,1,56,75.13
12,12,4,3,83,74.42
13,13,5,2,88,74.332
14,14,5,2,77,74.539
15,15,5,2,58,75.057
16,16,5,3,50,75.377
17,17,5,3,92,74.268
18,18,5,4,53,75.247
19,19,5,4,64,74.86399999999999
