,id,source,destination,data_rates,TR
0,0,0,1,90,74.29899999999999
1,1,0,3,68,74.752
2,2,0,3,67,74.779
3,3,0,4,95,74.223
4,4,1,0,57,75.093
5,5,1,5,44,75.682
6,6,2,3,44,75.682
7,7,3,0,92,74.268
8,8,3,1,40,75.92699999999999
9,9,3,2,99,74.167
10,10,3,4,42,75.79899999999999
11,11,4,3,57,75.093
12,12,4,3,86,74.366
13,13,4,5,45,75.626
14,14,4,5,82,74.438
15,15,5,2,67,74.779
16,16,5,3,63,74.89399999999999
17,17,5,3,70,74.70100000000001
18,18,5,3,77,74.539
19,19,5,3,92,74.268
