,id,source,destination,data_rates,TR
0,0,0,3,49,75.423
1,1,0,4,81,74.458
2,2,0,4,63,74.89399999999999
3,3,1,0,43,75.73899999999999
4,4,1,3,86,74.366
5,5,1,4,66,74.807
6,6,1,5,90,74.29899999999999
7,7,2,5,84,74.40100000000001
8,8,3,0,43,75.73899999999999
9,9,3,5,71,74.676
10,10,3,5,49,75.423
11,11,4,0,50,75.377
12,12,4,1,67,74.779
13,13,4,1,85,74.383
14,14,4,3,47,75.521
15,15,5,0,79,74.497
16,16,5,2,61,74.957
17,17,5,3,73,74.628
18,18,5,4,84,74.40100000000001
19,19,5,4,74,74.605
