,id,source,destination,data_rates,TR
0,0,0,1,92,74.268
1,1,0,4,95,74.223
2,2,1,3,40,75.92699999999999
3,3,1,4,51,75.332
4,4,1,4,68,74.752
5,5,2,4,76,74.56
6,6,2,5,65,74.835
7,7,3,2,72,74.652
8,8,3,5,82,74.438
9,9,3,5,54,75.207
10,10,4,0,62,74.925
11,11,4,3,68,74.752
12,12,4,3,60,74.98899999999999
13,13,4,5,58,75.057
14,14,4,5,44,75.682
15,15,4,5,62,74.925
16,16,5,1,75,74.582
17,17,5,2,98,74.181
18,18,5,2,59,75.023
19,19,5,4,47,75.521
