,id,source,destination,data_rates,TR
0,0,0,2,49,75.423
1,1,0,5,96,74.209
2,2,1,3,50,75.377
3,3,1,4,82,74.438
4,4,1,4,45,75.626
5,5,2,1,46,75.57300000000001
6,6,2,5,87,74.34899999999999
7,7,3,0,88,74.332
8,8,3,0,97,74.194
9,9,3,1,41,75.862
10,10,3,1,68,74.752
11,11,3,2,92,74.268
12,12,4,2,48,75.471
13,13,4,3,84,74.40100000000001
14,14,4,3,91,74.283
15,15,4,5,69,74.726
16,16,5,0,81,74.458
17,17,5,4,60,74.98899999999999
18,18,5,4,74,74.605
19,19,5,4,45,75.626
