,id,source,destination,data_rates,TR
0,0,0,2,64,74.86399999999999
1,1,1,2,43,75.73899999999999
2,2,1,3,58,75.057
3,3,1,4,87,74.34899999999999
4,4,1,5,43,75.73899999999999
5,5,2,1,82,74.438
6,6,2,3,52,75.289
7,7,2,4,78,74.518
8,8,3,0,75,74.582
9,9,3,0,62,74.925
10,10,3,0,45,75.626
11,11,3,4,63,74.89399999999999
12,12,4,1,83,74.42
13,13,4,2,72,74.652
14,14,4,2,51,75.332
15,15,4,5,80,74.477
16,16,4,5,60,74.98899999999999
17,17,4,5,50,75.377
18,18,5,0,94,74.238
19,19,5,4,83,74.42
