,id,source,destination,data_rates,TR
0,0,0,4,60,74.98899999999999
1,1,0,5,67,74.779
2,2,1,0,76,74.56
3,3,1,2,78,74.518
4,4,1,2,78,74.518
5,5,1,5,53,75.247
6,6,2,1,43,75.73899999999999
7,7,2,3,50,75.377
8,8,2,4,52,75.289
9,9,3,1,97,74.194
10,10,3,4,64,74.86399999999999
11,11,3,4,55,75.168
12,12,3,5,61,74.957
13,13,4,0,77,74.539
14,14,4,1,43,75.73899999999999
15,15,4,2,84,74.40100000000001
16,16,5,0,42,75.79899999999999
17,17,5,0,58,75.057
18,18,5,1,93,74.252
19,19,5,2,97,74.194
