,id,source,destination,data_rates,TR
0,0,0,2,40,75.92699999999999
1,1,0,2,61,74.957
2,2,0,4,71,74.676
3,3,0,4,53,75.247
4,4,1,2,86,74.366
5,5,1,3,64,74.86399999999999
6,6,1,3,89,74.315
7,7,1,4,42,75.79899999999999
8,8,2,1,44,75.682
9,9,2,3,68,74.752
10,10,2,4,46,75.57300000000001
11,11,3,5,44,75.682
12,12,4,0,94,74.238
13,13,4,1,63,74.89399999999999
14,14,4,1,49,75.423
15,15,4,2,88,74.332
16,16,4,2,64,74.86399999999999
17,17,4,5,97,74.194
18,18,5,1,81,74.458
19,19,5,3,45,75.626
