,id,source,destination,data_rates,TR
0,0,0,2,60,74.98899999999999
1,1,0,3,74,74.605
2,2,0,5,88,74.332
3,3,1,0,60,74.98899999999999
4,4,1,3,84,74.40100000000001
5,5,1,4,53,75.247
6,6,2,0,74,74.605
7,7,2,0,50,75.377
8,8,3,0,50,75.377
9,9,3,4,58,75.057
10,10,4,0,84,74.40100000000001
11,11,4,2,80,74.477
12,12,4,2,63,74.89399999999999
13,13,4,5,43,75.73899999999999
14,14,4,5,76,74.56
15,15,5,3,49,75.423
16,16,5,4,58,75.057
17,17,5,4,99,74.167
18,18,5,4,71,74.676
19,19,5,4,74,74.605
