,id,source,destination,data_rates,TR
0,0,0,4,96,74.209
1,1,1,2,62,74.925
2,2,1,2,96,74.209
3,3,1,3,55,75.168
4,4,1,3,65,74.835
5,5,1,4,48,75.471
6,6,1,5,75,74.582
7,7,2,0,46,75.57300000000001
8,8,2,3,57,75.093
9,9,2,4,47,75.521
10,10,2,4,60,74.98899999999999
11,11,3,1,65,74.835
12,12,3,1,42,75.79899999999999
13,13,3,2,56,75.13
14,14,4,5,96,74.209
15,15,5,0,90,74.29899999999999
16,16,5,1,85,74.383
17,17,5,1,63,74.89399999999999
18,18,5,2,64,74.86399999999999
19,19,5,3,44,75.682
