,id,source,destination,data_rates,TR
0,0,0,1,91,74.283
1,1,0,5,75,74.582
2,2,1,0,81,74.458
3,3,1,3,58,75.057
4,4,1,4,93,74.252
5,5,1,4,74,74.605
6,6,2,0,91,74.283
7,7,2,1,70,74.70100000000001
8,8,2,4,93,74.252
9,9,2,4,98,74.181
10,10,2,5,83,74.42
11,11,3,0,95,74.223
12,12,3,0,58,75.057
13,13,3,2,85,74.383
14,14,4,0,63,74.89399999999999
15,15,4,1,41,75.862
16,16,5,1,46,75.57300000000001
17,17,5,2,82,74.438
18,18,5,3,93,74.252
19,19,5,4,88,74.332
