,id,source,destination,data_rates,TR
0,0,0,3,78,74.518
1,1,0,3,86,74.366
2,2,0,4,56,75.13
3,3,0,5,87,74.34899999999999
4,4,1,5,98,74.181
5,5,1,5,80,74.477
6,6,2,3,40,75.92699999999999
7,7,2,4,50,75.377
8,8,2,4,51,75.332
9,9,3,0,53,75.247
10,10,3,2,47,75.521
11,11,3,4,70,74.70100000000001
12,12,3,5,46,75.57300000000001
13,13,4,2,85,74.383
14,14,4,2,93,74.252
15,15,4,3,70,74.70100000000001
16,16,4,3,55,75.168
17,17,5,1,81,74.458
18,18,5,1,78,74.518
19,19,5,1,93,74.252
