,id,source,destination,data_rates,TR
0,0,0,1,52,75.289
1,1,0,1,58,75.057
2,2,0,2,62,74.925
3,3,0,4,42,75.79899999999999
4,4,0,5,46,75.57300000000001
5,5,0,5,75,74.582
6,6,1,0,45,75.626
7,7,1,4,52,75.289
8,8,2,0,49,75.423
9,9,3,1,46,75.57300000000001
10,10,3,1,54,75.207
11,11,3,2,51,75.332
12,12,4,0,91,74.283
13,13,4,0,87,74.34899999999999
14,14,4,0,57,75.093
15,15,4,3,72,74.652
16,16,4,5,70,74.70100000000001
17,17,5,1,75,74.582
18,18,5,3,96,74.209
19,19,5,3,61,74.957
