,id,source,destination,data_rates,TR
0,0,0,1,61,74.957
1,1,0,1,49,75.423
2,2,0,3,40,75.92699999999999
3,3,0,3,50,75.377
4,4,0,4,90,74.29899999999999
5,5,0,4,83,74.42
6,6,0,5,98,74.181
7,7,1,0,63,74.89399999999999
8,8,1,0,99,74.167
9,9,1,3,42,75.79899999999999
10,10,1,5,97,74.194
11,11,2,0,74,74.605
12,12,2,4,75,74.582
13,13,3,1,70,74.70100000000001
14,14,3,1,99,74.167
15,15,3,1,43,75.73899999999999
16,16,3,2,58,75.057
17,17,3,2,86,74.366
18,18,3,4,75,74.582
19,19,5,4,60,74.98899999999999
