,id,source,destination,data_rates,TR
0,0,0,1,95,74.223
1,1,0,1,68,74.752
2,2,0,2,74,74.605
3,3,0,4,40,75.92699999999999
4,4,0,4,40,75.92699999999999
5,5,1,3,76,74.56
6,6,1,5,93,74.252
7,7,2,0,45,75.626
8,8,2,1,78,74.518
9,9,2,5,80,74.477
10,10,3,2,92,74.268
11,11,3,4,57,75.093
12,12,3,5,55,75.168
13,13,3,5,44,75.682
14,14,3,5,81,74.458
15,15,4,0,82,74.438
16,16,4,3,98,74.181
17,17,4,5,71,74.676
18,18,5,0,96,74.209
19,19,5,4,41,75.862
