,id,source,destination,data_rates,TR
0,0,0,2,40,75.92699999999999
1,1,0,3,81,74.458
2,2,0,5,42,75.79899999999999
3,3,0,5,56,75.13
4,4,1,2,82,74.438
5,5,2,0,53,75.247
6,6,2,1,96,74.209
7,7,2,3,49,75.423
8,8,3,1,51,75.332
9,9,3,4,87,74.34899999999999
10,10,3,5,54,75.207
11,11,3,5,64,74.86399999999999
12,12,3,5,98,74.181
13,13,4,0,72,74.652
14,14,4,0,68,74.752
15,15,4,2,57,75.093
16,16,4,5,52,75.289
17,17,5,0,59,75.023
18,18,5,3,71,74.676
19,19,5,3,62,74.925
