,id,source,destination,data_rates,TR
0,0,0,2,47,75.521
1,1,0,2,81,74.458
2,2,0,5,89,74.315
3,3,1,0,49,75.423
4,4,2,3,94,74.238
5,5,3,2,40,75.92699999999999
6,6,3,5,59,75.023
7,7,3,5,96,74.209
8,8,4,0,76,74.56
9,9,4,1,57,75.093
10,10,4,2,60,74.98899999999999
11,11,4,2,93,74.252
12,12,4,2,88,74.332
13,13,4,3,43,75.73899999999999
14,14,4,3,82,74.438
15,15,4,3,41,75.862
16,16,5,0,60,74.98899999999999
17,17,5,0,76,74.56
18,18,5,2,44,75.682
19,19,5,4,56,75.13
