,id,source,destination,data_rates,TR
0,0,0,1,96,74.209
1,1,0,3,56,75.13
2,2,0,4,64,74.86399999999999
3,3,0,4,69,74.726
4,4,0,5,61,74.957
5,5,1,4,86,74.366
6,6,2,1,65,74.835
7,7,2,1,56,75.13
8,8,2,3,97,74.194
9,9,2,4,94,74.238
10,10,2,4,93,74.252
11,11,2,4,59,75.023
12,12,2,5,73,74.628
13,13,4,0,80,74.477
14,14,4,2,72,74.652
15,15,4,5,76,74.56
16,16,5,0,99,74.167
17,17,5,1,99,74.167
18,18,5,3,97,74.194
19,19,5,4,46,75.57300000000001
