,id,source,destination,data_rates,TR
0,0,0,2,84,74.40100000000001
1,1,0,3,80,74.477
2,2,0,3,47,75.521
3,3,0,4,88,74.332
4,4,0,4,96,74.209
5,5,1,2,71,74.676
6,6,1,4,64,74.86399999999999
7,7,1,5,51,75.332
8,8,1,5,70,74.70100000000001
9,9,2,4,53,75.247
10,10,2,5,97,74.194
11,11,2,5,69,74.726
12,12,3,0,54,75.207
13,13,3,1,56,75.13
14,14,3,1,78,74.518
15,15,4,0,87,74.34899999999999
16,16,4,1,40,75.92699999999999
17,17,4,3,97,74.194
18,18,4,3,74,74.605
19,19,5,4,42,75.79899999999999
