,id,source,destination,data_rates,TR
0,0,0,2,96,74.209
1,1,0,4,97,74.194
2,2,1,0,95,74.223
3,3,1,0,59,75.023
4,4,1,2,55,75.168
5,5,2,0,96,74.209
6,6,2,3,44,75.682
7,7,2,3,95,74.223
8,8,2,4,49,75.423
9,9,3,0,91,74.283
10,10,3,2,79,74.497
11,11,3,4,95,74.223
12,12,3,4,45,75.626
13,13,3,5,96,74.209
14,14,4,0,56,75.13
15,15,4,0,78,74.518
16,16,4,1,44,75.682
17,17,5,1,42,75.79899999999999
18,18,5,2,43,75.73899999999999
19,19,5,2,61,74.957
