,id,source,destination,data_rates,TR
0,0,0,2,50,75.377
1,1,0,2,93,74.252
2,2,0,3,63,74.89399999999999
3,3,0,3,73,74.628
4,4,0,4,73,74.628
5,5,1,0,99,74.167
6,6,1,2,59,75.023
7,7,1,3,68,74.752
8,8,2,0,41,75.862
9,9,2,5,40,75.92699999999999
10,10,2,5,86,74.366
11,11,3,0,54,75.207
12,12,3,1,68,74.752
13,13,3,2,93,74.252
14,14,3,4,70,74.70100000000001
15,15,3,4,52,75.289
16,16,4,0,43,75.73899999999999
17,17,5,0,52,75.289
18,18,5,1,86,74.366
19,19,5,4,81,74.458
