,id,source,destination,data_rates,TR
0,0,0,1,78,74.518
1,1,0,2,79,74.497
2,2,0,4,63,74.89399999999999
3,3,0,4,86,74.366
4,4,0,5,64,74.86399999999999
5,5,1,2,57,75.093
6,6,1,3,77,74.539
7,7,1,5,65,74.835
8,8,2,3,53,75.247
9,9,2,3,48,75.471
10,10,3,0,49,75.423
11,11,3,4,60,74.98899999999999
12,12,3,5,91,74.283
13,13,4,1,56,75.13
14,14,4,1,91,74.283
15,15,4,3,45,75.626
16,16,4,5,55,75.168
17,17,4,5,87,74.34899999999999
18,18,5,1,40,75.92699999999999
19,19,5,2,58,75.057
