,id,source,destination,data_rates,TR
0,0,0,1,58,75.057
1,1,0,1,76,74.56
2,2,0,2,58,75.057
3,3,0,2,47,75.521
4,4,0,2,46,75.57300000000001
5,5,0,3,89,74.315
6,6,0,4,99,74.167
7,7,2,5,81,74.458
8,8,2,5,98,74.181
9,9,3,0,46,75.57300000000001
10,10,3,1,46,75.57300000000001
11,11,4,0,90,74.29899999999999
12,12,4,2,75,74.582
13,13,4,5,98,74.181
14,14,4,5,51,75.332
15,15,4,5,48,75.471
16,16,5,1,67,74.779
17,17,5,2,42,75.79899999999999
18,18,5,3,71,74.676
19,19,5,3,91,74.283
