,id,source,destination,data_rates,TR
0,0,0,1,73,74.628
1,1,0,1,84,74.40100000000001
2,2,0,1,99,74.167
3,3,0,3,97,74.194
4,4,1,2,90,74.29899999999999
5,5,1,2,85,74.383
6,6,1,4,81,74.458
7,7,1,4,44,75.682
8,8,2,0,97,74.194
9,9,2,1,69,74.726
10,10,2,5,67,74.779
11,11,2,5,57,75.093
12,12,3,5,75,74.582
13,13,3,5,42,75.79899999999999
14,14,3,5,60,74.98899999999999
15,15,3,5,85,74.383
16,16,4,3,97,74.194
17,17,5,0,55,75.168
18,18,5,1,95,74.223
19,19,5,2,76,74.56
