,id,source,destination,data_rates,TR
0,0,0,1,41,75.862
1,1,0,2,88,74.332
2,2,0,4,53,75.247
3,3,1,3,74,74.605
4,4,2,0,84,74.40100000000001
5,5,2,1,73,74.628
6,6,2,4,86,74.366
7,7,2,5,42,75.79899999999999
8,8,3,2,98,74.181
9,9,3,2,80,74.477
10,10,4,0,61,74.957
11,11,4,0,93,74.252
12,12,4,2,47,75.521
13,13,4,3,41,75.862
14,14,4,5,88,74.332
15,15,5,1,59,75.023
16,16,5,1,64,74.86399999999999
17,17,5,2,66,74.807
18,18,5,4,98,74.181
19,19,5,4,93,74.252
