,id,source,destination,data_rates,TR
0,0,0,1,81,74.458
1,1,0,1,91,74.283
2,2,1,4,77,74.539
3,3,1,5,55,75.168
4,4,2,1,48,75.471
5,5,2,1,48,75.471
6,6,2,3,98,74.181
7,7,2,3,56,75.13
8,8,2,3,68,74.752
9,9,3,2,51,75.332
10,10,3,4,81,74.458
11,11,4,0,67,74.779
12,12,4,0,75,74.582
13,13,4,0,64,74.86399999999999
14,14,4,3,84,74.40100000000001
15,15,4,3,89,74.315
16,16,4,3,79,74.497
17,17,5,1,80,74.477
18,18,5,2,84,74.40100000000001
19,19,5,2,64,74.86399999999999
