,id,source,destination,data_rates,TR
0,0,0,1,89,74.315
1,1,0,2,43,75.73899999999999
2,2,0,4,50,75.377
3,3,1,2,91,74.283
4,4,1,2,44,75.682
5,5,1,4,73,74.628
6,6,1,5,83,74.42
7,7,2,4,45,75.626
8,8,2,5,61,74.957
9,9,2,5,76,74.56
10,10,3,0,95,74.223
11,11,3,2,43,75.73899999999999
12,12,3,2,79,74.497
13,13,3,2,61,74.957
14,14,3,4,54,75.207
15,15,3,4,90,74.29899999999999
16,16,3,4,48,75.471
17,17,4,3,94,74.238
18,18,5,0,97,74.194
19,19,5,2,40,75.92699999999999
