,id,source,destination,data_rates,TR
0,0,0,2,73,74.628
1,1,0,3,52,75.289
2,2,0,5,72,74.652
3,3,1,0,81,74.458
4,4,1,3,56,75.13
5,5,1,5,42,75.79899999999999
6,6,2,1,48,75.471
7,7,2,5,91,74.283
8,8,2,5,50,75.377
9,9,3,4,88,74.332
10,10,3,4,66,74.807
11,11,3,4,67,74.779
12,12,3,4,96,74.209
13,13,4,2,96,74.209
14,14,5,2,41,75.862
15,15,5,3,40,75.92699999999999
16,16,5,3,45,75.626
17,17,5,3,64,74.86399999999999
18,18,5,4,74,74.605
19,19,5,4,55,75.168
