,id,source,destination,data_rates,TR
0,0,0,1,44,75.682
1,1,0,2,46,75.57300000000001
2,2,0,4,44,75.682
3,3,0,4,87,74.34899999999999
4,4,1,2,92,74.268
5,5,1,3,43,75.73899999999999
6,6,1,5,52,75.289
7,7,2,0,76,74.56
8,8,2,1,92,74.268
9,9,2,1,80,74.477
10,10,2,3,54,75.207
11,11,2,5,55,75.168
12,12,2,5,60,74.98899999999999
13,13,3,4,75,74.582
14,14,4,0,98,74.181
15,15,4,1,63,74.89399999999999
16,16,4,3,55,75.168
17,17,5,0,53,75.247
18,18,5,0,93,74.252
19,19,5,2,61,74.957
